voltage,ax,ay,az,gx,gy,gz

3.069580,0.056641,0.201050,0.801758,29.174805,-1.525879,10.253906
7.335571,0.023071,0.299072,0.973267,-46.081543,-5.493164,12.451172
6.691040,0.031982,0.241211,1.096313,-66.467285,-13.732910,14.465332
7.800439,0.137207,0.144775,1.191406,-27.099609,-18.737793,13.549805
7.404053,0.165283,0.066650,1.099243,-9.216309,-21.850586,7.934570
8.378101,0.107910,0.068115,0.981812,-32.226562,-25.207520,0.427246
10.051465,-0.024902,0.019653,0.966309,-81.909180,-23.254395,-8.300781
10.388232,-0.077637,-0.151978,0.964844,-98.388672,-14.770508,-19.042969
10.387427,0.094971,-0.221558,0.934692,-63.476562,-0.732422,-34.362793
10.846655,0.146118,-0.239746,0.900269,-23.132324,8.850098,-40.954590
11.433984,0.304321,-0.158081,0.865356,18.920898,12.390137,-44.311523
12.062402,0.340942,-0.117188,0.827026,44.494629,14.587402,-45.471191
11.967334,0.361816,-0.080444,0.743530,46.997070,16.845703,-38.635254
13.901733,0.398193,-0.035889,0.898926,57.678223,12.817383,-23.315430
14.804883,0.306885,-0.078125,1.010376,58.837891,11.108398,-11.169434
15.160181,0.247559,-0.031372,1.172241,34.484863,7.751465,-8.972168
7.156714,0.422241,0.226318,1.168335,-27.221680,6.530762,-23.986816
-9.058081,0.350586,0.136230,1.059692,-123.229980,15.808105,-12.207031
-27.834082,0.174927,-0.425903,0.888794,-8.789062,17.333984,-1.647949
-38.551025,0.249634,0.014160,0.680786,71.411133,5.249023,-15.136719
-43.931250,0.159058,0.001953,0.847656,-44.738770,-7.263184,-11.474609
-47.556738,0.135132,-0.078857,0.950073,9.704590,-13.549805,-11.474609
-51.871069,0.264893,0.082886,0.877441,-30.822754,-16.723633,-13.610840
-51.251514,0.179077,-0.125122,0.953979,-23.620605,-9.582520,-17.517090
-50.544141,0.213745,-0.118408,0.952881,26.184082,-7.873535,-6.591797
-46.986328,0.177612,-0.056152,0.898315,78.979492,-9.704590,-2.807617
-59.410474,0.258057,-0.027466,1.205933,11.108398,-19.836426,-6.713867
-57.475269,0.286377,0.190674,1.225708,28.015137,-14.038086,2.319336
-54.296118,0.157471,0.136719,1.164795,25.207520,-8.544922,18.066406
-58.083545,0.158203,0.074463,1.119263,16.967773,-8.789062,26.062012
-67.924731,0.371338,0.043701,1.137329,-19.287109,-10.498047,28.198242
-69.538477,0.532104,0.064575,1.142944,-1.892090,-4.089355,24.841309
-65.597168,0.467285,0.135254,1.181030,3.540039,0.854492,20.874023
-60.486035,0.414307,0.155151,1.130371,12.268066,5.249023,20.996094
-58.315576,0.372437,0.139893,1.074951,-4.577637,13.122559,20.080566
-62.768481,0.373291,0.053589,1.127075,-16.418457,23.681641,16.052246
-64.423315,0.287964,0.005493,1.126709,25.939941,37.536621,10.986328
-53.854614,0.203491,0.140991,0.994995,24.169922,46.264648,5.126953
-44.170532,-0.065063,0.082764,0.782715,-47.241211,38.635254,10.253906
-39.799805,0.076172,-0.068848,0.899414,-42.297363,38.330078,14.831543
-35.010937,0.135620,-0.081055,0.829956,34.973145,31.372070,18.554688
-26.107544,-0.013794,0.024902,0.669434,47.668457,24.902344,16.723633
-15.994043,-0.201782,0.095825,0.405762,8.544922,13.854980,9.582520
-20.389746,-0.248535,0.193726,0.517700,-83.923340,-9.765625,7.263184
-30.058521,0.134155,0.036499,0.870117,-169.250488,-45.043945,8.911133
-40.644141,0.450073,-0.345093,0.939941,-49.438477,-48.889160,4.333496
-45.499072,0.456299,-0.181763,0.689575,118.469238,-56.701660,15.197754
-33.442310,0.378296,0.047363,0.579834,50.903320,-63.415527,24.536133
-35.322729,0.432129,-0.132935,0.767578,-13.916016,-73.303223,22.583008
-44.012622,0.471558,-0.112793,0.882812,58.898926,-71.838379,28.991699
-59.866479,0.640625,0.104126,1.060913,78.979492,-68.786621,42.541504
-84.933105,0.982910,0.131958,1.353760,24.719238,-61.218262,53.161621
-90.234375,1.042725,-0.027588,1.427490,71.594238,-27.954102,51.208496
-113.290063,0.851685,0.175903,1.514648,75.317383,22.521973,34.729004
-125.653784,0.715210,0.113159,1.692261,29.541016,74.707031,11.291504
-110.023096,0.623901,0.116943,1.625488,15.258789,120.117188,-9.765625
-83.124390,0.660522,0.195679,1.360352,33.203125,144.897461,-17.333984
-37.770337,0.452026,0.150024,0.893799,45.593262,135.253906,-17.517090
-8.734204,0.388428,0.038940,0.497559,138.732910,106.933594,-18.066406
3.445825,0.075928,-0.019165,0.148926,276.367188,61.340332,-21.118164
7.628833,-0.070557,0.107788,-0.004150,298.828125,17.639160,-5.065918
6.669287,-0.273682,0.414062,0.043701,172.851562,-6.958008,16.967773
13.516626,-0.266846,0.745239,-0.247314,-117.492676,-14.221191,43.273926
6.906958,-0.229736,0.550171,-0.142578,-273.315430,-38.208008,44.372559
-6.518628,0.235718,1.104126,0.322754,-8.117676,-76.599121,25.146484
-21.143042,0.424927,1.030151,0.450806,-113.952637,-88.562012,1.647949
-41.255640,0.613281,0.719482,0.810059,-114.318848,-87.036133,-37.353516
-46.175024,0.564575,0.647705,0.944092,-4.333496,-74.645996,-65.368652
-48.015161,0.689697,0.716797,0.826294,21.240234,-67.199707,-70.007324
-50.661768,0.682129,0.531006,0.903564,-14.648438,-57.739258,-67.871094
-64.062378,0.600830,0.167725,1.076050,13.366699,-45.288086,-52.673340
-75.207935,0.511230,0.119629,1.150635,59.753418,-25.817871,-20.446777
-78.582056,0.461792,0.055908,1.276245,28.625488,0.244141,4.516602
-81.853857,0.384521,0.242310,1.343872,69.702148,26.184082,25.573730
-73.851196,0.493774,0.370117,1.166870,-3.479004,53.222656,48.339844
-63.986646,0.695190,0.063965,1.028076,-7.202148,69.824219,77.331543
-56.577759,0.898682,0.412598,0.931641,-42.724609,73.852539,110.412598
-51.923437,1.176514,0.586060,0.843872,-145.202637,53.344727,125.122070
-50.615039,1.305298,0.589355,0.879272,-154.663086,33.996582,116.455078
-29.874829,1.160522,0.659790,0.765381,-34.851074,33.630371,95.336914
-13.725293,0.924561,0.857178,0.530884,-63.415527,14.465332,64.697266
-9.891943,0.805054,0.630859,0.441406,-69.702148,-9.033203,34.606934
-19.516406,0.738403,0.399658,0.521851,-49.804688,-20.080566,11.718750
-18.195923,0.628784,0.181274,0.619141,31.188965,-22.521973,-5.615234
-19.389917,0.397583,0.041138,0.586914,51.086426,-32.226562,-18.676758
-32.990332,0.278687,-0.002686,0.660156,29.418945,-45.837402,-24.230957
-59.552271,0.108032,-0.083862,1.021729,-15.319824,-56.823730,-32.409668
-77.264795,0.023438,-0.378784,1.171631,-39.062500,-47.729492,-48.522949
-101.013354,-0.053711,-0.430542,1.586914,58.959961,-29.235840,-50.109863
-100.840137,0.206543,-0.004150,1.679443,23.193359,3.967285,-44.738770
-102.055078,0.335449,-0.060303,1.645386,7.141113,41.748047,-39.550781
-96.139893,0.667725,0.096436,1.449585,30.395508,64.575195,-34.362793
-93.663281,1.136475,0.319946,1.327026,-15.930176,92.895508,-31.250000
-71.722632,1.295044,0.334351,1.172363,-33.081055,91.735840,-31.250000
-48.875610,1.299072,0.209473,0.881592,-92.346191,81.359863,-22.094727
-20.934375,1.125977,-0.061035,0.645386,-12.756348,71.960449,-6.286621
-5.557471,0.991455,0.079956,0.358276,51.757812,49.804688,0.732422
-2.851245,0.769287,0.095947,0.279541,-29.846191,21.667480,4.699707
-0.211084,0.568115,-0.074219,0.280518,-56.396484,-2.746582,10.803223
-2.143872,0.369629,-0.228516,0.307739,-21.728516,-32.165527,18.859863
-10.513110,0.225708,-0.223511,0.421875,3.723145,-52.429199,31.494141
-19.115186,0.164551,-0.176514,0.733765,-1.037598,-78.002930,51.208496
-47.597827,0.307983,0.016357,0.832520,-28.808594,-96.496582,42.114258
-58.264819,0.463013,-0.143311,1.066895,-48.522949,-105.712891,38.269043
-76.682300,0.647461,-0.242310,1.261719,-14.587402,-99.487305,26.794434
-90.314136,0.420654,-0.224487,1.414185,41.076660,-75.805664,23.010254
-109.103833,0.238525,-0.044556,1.682007,-18.859863,-51.452637,15.197754
-128.882080,0.198975,-0.105469,1.824219,-12.268066,-5.126953,-5.249023
-116.802759,0.315674,0.023560,1.697632,37.475586,49.865723,-19.287109
-103.493188,0.497070,0.135986,1.551880,23.010254,84.777832,-31.738281
-92.718237,0.875977,0.078979,1.427246,20.324707,106.506348,-46.997070
-76.028906,1.127197,0.029053,1.225098,15.869141,114.562988,-56.640625
-46.164551,1.284180,-0.117798,0.864502,40.222168,106.689453,-60.180664
-18.087964,1.162354,-0.335571,0.671387,80.627441,83.068848,-54.077148
-9.634131,1.060913,-0.247681,0.382080,121.032715,49.072266,-30.029297
-4.469824,0.818848,-0.034302,0.329956,47.485352,23.071289,-4.028320
-0.092651,0.526611,0.017456,0.273560,-38.757324,-7.385254,16.967773
-6.551660,0.345825,-0.019897,0.364990,-82.580566,-40.527344,27.587891
-17.738306,0.312622,0.056396,0.547607,-20.812988,-65.368652,35.034180
-28.364209,0.316772,0.162231,0.737061,46.813965,-78.369141,42.419434
-48.405103,0.491455,0.345093,0.947754,30.822754,-91.552734,53.649902
-77.054517,0.680786,0.335693,1.333496,-6.774902,-93.139648,53.771973
-81.052222,0.696533,0.349365,1.378418,-30.944824,-77.941895,43.640137
-92.424976,0.371216,0.403809,1.414795,-16.235352,-55.358887,39.550781
-97.315356,0.080566,0.532715,1.514893,18.066406,-24.475098,31.372070
-96.628931,-0.128418,0.555054,1.479004,10.559082,8.544922,11.047363
-97.259766,0.001465,0.516846,1.490234,4.516602,36.926270,-9.826660
-101.270361,0.498413,0.572754,1.492798,3.540039,67.749023,-31.799316
-94.872583,0.792480,0.539062,1.430298,9.155273,99.243164,-47.607422
-83.251685,1.226929,0.565552,1.350708,34.118652,119.995117,-64.636230
-50.971143,1.313721,0.432739,1.086304,3.967285,111.267090,-73.181152
-16.819043,1.106323,0.079346,0.557373,-34.301758,82.763672,-57.495117
-0.084595,0.890625,-0.129639,0.318848,-11.779785,52.795410,-37.597656
10.230322,0.652832,-0.097290,0.166138,-12.634277,18.127441,-15.563965
7.307373,0.495361,-0.040527,0.176514,-41.503906,-15.136719,7.629395
-4.568921,0.484863,-0.014160,0.434937,-49.255371,-52.368164,22.094727
-19.034619,0.496826,0.023560,0.570312,-34.057617,-76.232910,25.573730
-34.720898,0.456909,0.020142,0.772461,-16.418457,-93.750000,24.841309
-45.197754,0.431519,-0.037720,0.903320,-36.132812,-107.910156,21.667480
-62.525977,0.391235,-0.093872,1.213501,-30.273438,-120.056152,17.761230
-75.259497,0.590088,0.074463,1.322876,1.403809,-110.168457,9.765625
-97.037402,0.541138,0.160400,1.524048,23.437500,-89.172363,-4.150391
-108.381152,0.327515,0.237793,1.691650,21.667480,-50.659180,-23.559570
-109.533252,0.120483,0.278809,1.660034,-18.615723,-14.526367,-40.405273
-110.355835,0.177368,0.185181,1.621460,-7.629395,24.291992,-51.330566
-116.167896,0.620239,0.200317,1.655640,29.968262,68.176270,-51.513672
-100.513037,1.103271,0.271851,1.442017,15.014648,106.323242,-50.964355
-74.369238,1.289551,0.191650,1.202393,55.603027,124.023438,-44.372559
-47.808105,1.175293,0.331055,0.875977,4.272461,117.797852,-37.292480
-22.583569,1.175293,0.136353,0.628662,-44.311523,102.539062,-26.733398
-3.673022,0.930176,-0.040161,0.374878,-31.738281,72.448730,-7.141113
7.365381,0.837280,-0.121826,0.202881,-20.324707,45.532227,6.164551
8.598047,0.632080,-0.107300,0.181763,-31.250000,2.319336,22.705078
0.051563,0.529785,-0.028687,0.327515,-39.001465,-32.958984,36.560059
-13.000195,0.574829,0.056641,0.517578,-34.729004,-57.922363,47.363281
-24.902271,0.559448,0.122070,0.716675,-18.554688,-79.040527,56.457520
-40.686841,0.434448,0.177490,0.919312,24.780273,-96.252441,64.270020
-58.952051,0.500610,0.341797,1.143799,22.827148,-103.637695,69.213867
-74.366016,0.667969,0.369751,1.311646,22.094727,-99.487305,65.063477
-86.180273,0.580688,0.472534,1.487183,41.992188,-85.998535,60.852051
-102.004321,0.403320,0.548584,1.592041,49.499512,-48.583984,41.137695
-92.455591,0.099243,0.692627,1.563354,49.499512,-9.826660,6.164551
-83.729443,0.007324,0.749390,1.391357,-7.141113,6.286621,-25.390625
-91.185864,0.116577,0.621826,1.437378,-42.053223,29.174805,-54.504395
-104.785474,0.438232,0.632080,1.526123,-15.258789,57.128906,-72.631836
-102.278247,0.800293,0.633911,1.475220,-35.888672,91.125488,-90.332031
-91.649121,1.076538,0.543823,1.418579,-33.996582,114.196777,-94.421387
-62.571899,1.243896,0.406006,1.192383,-19.897461,116.210938,-85.327148
-30.734473,1.183472,0.156616,0.729248,-17.456055,98.999023,-67.932129
-6.721655,0.942139,-0.032715,0.384888,-26.245117,73.364258,-45.166016
7.661865,0.689941,-0.142822,0.195068,-25.146484,44.250488,-23.315430
13.278955,0.448608,-0.176880,0.054932,-25.573730,6.408691,-1.159668
11.600757,0.368652,-0.192749,0.117798,-15.380859,-29.174805,15.441895
-0.298901,0.448608,-0.094482,0.361938,8.728027,-67.993164,31.555176
-27.056616,0.595459,0.067749,0.666016,16.540527,-92.163086,46.752930
-42.932227,0.702148,0.145508,0.918091,23.498535,-96.008301,57.250977
-53.923901,0.649292,0.206543,1.111206,40.222168,-98.999023,68.786621
-78.864038,0.710693,0.286499,1.390869,59.692383,-97.045898,79.223633
-88.481250,0.666870,0.541260,1.489868,38.330078,-77.331543,79.040527
-77.980225,0.483276,0.518066,1.391357,23.681641,-57.312012,65.673828
-79.925903,0.308838,0.517212,1.375488,19.348145,-41.748047,52.246094
-89.583398,0.062622,0.683594,1.457520,19.531250,-15.808105,28.930664
-97.747998,0.326294,0.703369,1.518311,-16.967773,56.579590,-48.889160
-93.867920,0.609741,0.672729,1.434326,-25.573730,87.097168,-71.594238
-86.702344,0.824585,0.581177,1.402222,6.591797,103.881836,-84.777832
-73.094678,1.156006,0.534180,1.260498,-6.774902,108.581543,-93.505859
-46.078345,1.214233,0.319214,1.024414,-34.118652,90.759277,-82.702637
-21.237305,1.132202,0.091309,0.563599,-39.306641,71.960449,-64.636230
-4.075854,0.812988,-0.157593,0.293213,-18.310547,56.274414,-40.710449
8.800269,0.524902,-0.230835,0.114014,20.019531,28.747559,-13.671875
12.125244,0.352417,-0.242798,0.030151,-2.929688,1.525879,6.408691
9.600293,0.253296,-0.275146,0.144165,-16.418457,-35.034180,29.663086
-5.845093,0.292358,-0.209961,0.373779,4.821777,-69.824219,50.537109
-32.456177,0.427002,-0.051270,0.831177,34.179688,-96.191406,72.814941
-56.056494,0.581421,0.157349,1.060303,23.559570,-104.919434,89.233398
-76.550977,0.811157,0.315308,1.330322,1.586914,-101.379395,98.449707
-87.914868,0.723633,0.426758,1.491577,48.583984,-85.571289,102.050781
-88.714087,0.594238,0.584351,1.460938,91.247559,-45.532227,102.294922
-76.482495,0.494263,0.644043,1.277954,49.255371,-19.226074,94.421387
-80.787964,0.395874,0.660400,1.337280,-12.878418,-0.488281,60.791016
-93.169409,0.311279,0.721313,1.399902,-11.657715,28.076172,17.822266
-107.855859,0.529541,0.861938,1.521729,34.912109,74.279785,-28.442383
-91.915796,0.615845,0.785156,1.435791,30.517578,106.140137,-67.565918
-88.870386,0.855347,0.572021,1.353149,28.686523,118.713379,-93.444824
-76.025684,0.881348,0.459473,1.320557,54.382324,115.783691,-107.543945
-48.943286,0.842407,0.490356,0.990112,26.123047,97.839355,-112.304688
-24.540527,0.702515,0.137329,0.619751,-9.460449,76.049805,-101.623535
0.382690,0.328735,-0.223511,0.322876,4.089355,50.537109,-79.040527
14.186133,0.096680,-0.452637,0.029175,16.479492,21.484375,-48.400879
17.291968,-0.001953,-0.564209,0.005005,-0.915527,-23.254395,-7.629395
14.443140,-0.008545,-0.407349,0.066040,-41.137695,-61.767578,16.113281
-3.233936,0.085938,-0.212036,0.393677,-37.109375,-104.064941,34.362793
-23.848462,0.384155,-0.094727,0.755737,-30.334473,-138.610840,41.992188
-50.771338,0.962280,0.074951,1.010376,-21.423340,-165.222168,43.701172
-77.804590,1.247314,0.238770,1.318237,-11.230469,-155.517578,40.161133
-87.682837,1.174927,0.395630,1.369873,2.685547,-129.333496,32.653809
-95.072388,0.923096,0.363525,1.460327,9.826660,-93.994141,17.944336
-105.550049,0.688599,0.332153,1.474976,12.573242,-58.715820,5.004883
-124.671680,0.349487,0.360840,1.671631,48.278809,4.394531,-7.507324
-129.396094,0.273315,0.646484,1.793945,15.441895,64.880371,-34.484863
-128.306030,0.650146,0.602051,1.803589,-46.325684,112.670898,-55.358887
-119.356714,1.124268,0.546509,1.671509,-27.282715,156.677246,-71.960449
-97.371753,1.217896,0.431152,1.467041,-3.906250,176.574707,-81.420898
-61.141846,0.860962,0.325195,1.155762,44.372559,168.273926,-85.815430
-23.369092,0.544800,0.273438,0.586426,-30.151367,130.371094,-75.500488
8.220190,0.247803,-0.201660,0.254395,-62.988281,100.585938,-56.213379
28.508423,0.011353,-0.517212,-0.228760,-20.019531,52.307129,-20.385742
32.063013,-0.107910,-0.519531,-0.349487,20.935059,0.305176,3.906250
27.620581,-0.011353,-0.372559,-0.256104,-9.826660,-42.114258,26.123047
7.669922,0.214111,-0.100830,0.183350,-49.377441,-91.857910,45.532227
-31.652930,0.463989,0.039917,0.727173,-58.105469,-125.732422,49.865723
-64.331470,0.877319,-0.030884,1.216675,8.972168,-137.084961,51.879883
-76.761255,1.004883,0.141602,1.262451,73.913574,-120.178223,66.406250
-77.939941,0.863037,0.366089,1.312378,44.128418,-97.595215,81.298828
-80.024194,0.821045,0.338623,1.327026,57.922363,-84.350586,91.369629
-73.128516,0.712280,0.291504,1.149902,68.359375,-58.776855,103.149414
-54.132568,0.610229,0.225098,1.001953,99.182129,-34.057617,116.882324
-47.734790,0.830811,0.219482,0.910278,119.873047,-6.652832,125.061035
-33.657422,0.914429,0.375244,0.794189,64.025879,14.038086,123.840332
-32.794556,1.041504,0.164062,0.770264,39.550781,20.080566,118.041992
-24.626733,0.872803,0.049438,0.664062,87.097168,34.606934,116.943359
-17.022070,0.722412,0.174683,0.588135,125.000000,43.884277,120.239258
-19.385889,0.568237,0.193115,0.581177,92.956543,32.958984,117.858887
-34.019971,0.536865,0.182129,0.726074,43.090820,19.042969,111.938477
-63.716748,0.588013,0.248291,1.094482,45.410156,13.122559,96.374512
-100.079590,0.710693,0.312500,1.493286,47.058105,28.442383,73.974609
-115.029492,0.759033,0.381348,1.657471,19.104004,71.289062,46.508789
-104.113550,0.751709,0.216187,1.537354,12.145996,111.877441,25.085449
-80.829053,0.723999,0.165771,1.269897,-13.610840,130.981445,10.925293
-53.541211,0.717896,0.058472,1.062378,-43.212891,134.033203,4.943848
-29.267358,0.489014,0.021606,0.693604,-51.818848,119.201660,2.807617
-10.748364,0.205078,-0.085449,0.436035,-54.138184,102.966309,7.568359
-0.024976,-0.104126,-0.196655,0.332275,-33.264160,73.059082,7.263184
3.981592,-0.271851,-0.205811,0.208496,5.798340,48.034668,5.432129
8.233081,-0.452026,-0.241699,0.146362,21.484375,25.085449,4.028320
8.029248,-0.544922,-0.256592,0.160645,26.123047,-3.356934,4.516602
0.862866,-0.516602,-0.172485,0.309814,34.423828,-28.442383,7.263184
-7.802051,-0.406616,-0.046265,0.456543,36.804199,-51.208496,9.338379
-22.653662,-0.229736,0.090454,0.581787,10.131836,-80.261230,8.850098
-33.010474,0.068970,0.029297,0.723022,6.347656,-94.482422,3.662109
-46.265259,0.175537,0.080200,0.866943,40.161133,-109.558105,-1.159668
-43.462354,0.212646,0.146240,0.944336,29.418945,-111.328125,-5.004883
-55.707642,0.334106,0.225830,1.057739,-4.882812,-113.098145,-15.136719
-77.330859,0.493530,0.191528,1.353149,41.320801,-107.177734,-23.864746
-78.860815,0.629517,0.348877,1.315308,81.359863,-85.083008,-23.986816
-73.005249,0.729614,0.454834,1.241699,28.381348,-79.956055,-20.812988
-58.726465,0.864502,0.167358,1.178955,24.658203,-63.415527,-14.221191
-52.945020,0.905884,0.166138,0.972656,73.242188,-41.809082,-9.033203
-58.391309,0.691650,0.066772,0.959351,65.063477,-18.920898,0.793457
-81.290698,0.602173,-0.034912,1.155640,59.143066,9.094238,9.826660
-96.058521,0.732178,0.119141,1.370972,26.611328,48.461914,25.329590
-93.381299,0.810547,0.271973,1.434937,-26.672363,78.796387,35.034180
-91.297852,0.880859,0.453003,1.405640,-51.574707,96.557617,46.569824
-88.120312,1.129639,0.658569,1.341309,-66.650391,112.304688,46.691895
-68.509644,0.994141,0.676392,1.077881,-90.881348,124.084473,45.043945
-52.553467,0.927002,0.460449,0.933350,-93.994141,134.399414,45.715332
-27.109790,0.579712,0.259399,0.703125,-40.344238,128.723145,46.142578
-12.599780,0.191406,0.214966,0.435425,-80.200195,102.966309,40.222168
-5.269849,-0.082031,0.069214,0.378174,-116.027832,70.129395,34.240723
1.165796,-0.279541,-0.079590,0.338745,-65.490723,44.555664,24.902344
4.462573,-0.441162,-0.110474,0.230835,-14.160156,17.944336,10.437012
2.975317,-0.492065,-0.104614,0.262939,29.785156,-17.944336,-9.643555
2.991431,-0.339600,-0.066895,0.285522,37.109375,-43.457031,-24.902344
-7.789160,-0.112793,0.007690,0.381714,20.629883,-75.561523,-46.813965
-23.746948,0.142456,-0.002930,0.569214,24.658203,-91.491699,-66.101074
-41.222607,0.421753,-0.050537,0.793457,29.235840,-102.233887,-86.425781
-50.581201,0.706909,-0.127197,1.000854,1.525879,-105.346680,-99.426270
-65.813086,0.844971,-0.325806,1.081055,-12.939453,-96.801758,-101.501465
-76.691162,1.235352,-0.202393,1.123169,-17.333984,-79.833984,-100.830078
-51.696240,1.133179,-0.190674,0.973145,-48.095703,-54.016113,-104.919434
-41.606909,1.058105,-0.143799,0.955322,-72.998047,-38.024902,-117.004395
-36.057495,1.004883,-0.050171,0.713379,-86.303711,-22.094727,-115.600586
-26.341187,0.804810,-0.099121,0.600952,-91.308594,2.685547,-119.689941
-32.829199,0.713989,0.023560,0.626587,-70.983887,14.465332,-113.098145
-46.137158,0.762329,0.266724,0.844238,-96.252441,26.733398,-110.656738
-62.854687,0.902588,0.273438,1.070923,-118.225098,44.860840,-109.008789
-77.220483,1.012207,0.281006,1.287354,-116.699219,73.059082,-96.313477
-80.176465,0.947388,0.192871,1.286865,-69.458008,108.947754,-82.580566
-56.937891,0.657593,0.125488,0.902710,-37.292480,123.168945,-74.890137
-37.671240,0.351196,-0.029785,0.876099,-29.113770,118.103027,-46.081543
-8.931592,0.112061,-0.178711,0.519409,-17.639160,92.224121,-33.508301
10.307666,-0.044434,-0.334229,0.213135,34.912109,47.119141,-19.531250
14.039502,-0.023071,-0.392944,0.088623,77.636719,-3.540039,-3.356934
-1.106177,0.032837,-0.236084,0.218262,49.255371,-38.269043,18.615723
-22.159790,0.111084,-0.076660,0.533081,-28.747559,-65.490723,35.400391
-37.322388,0.126099,-0.188965,0.829102,-38.330078,-82.336426,41.625977
-47.747681,0.216919,-0.157227,0.965820,44.738770,-87.219238,54.382324
-54.913257,0.251709,0.129883,1.025513,69.885254,-78.735352,73.486328
-57.269019,0.354492,0.272461,1.091187,37.658691,-71.655273,83.679199
-54.283228,0.421509,0.293213,1.025269,13.366699,-68.237305,86.547852
-56.175732,0.510620,0.225586,1.072510,25.695801,-68.542480,84.594727
-65.456982,0.628418,0.395752,1.144775,36.560059,-65.979004,73.303223
-76.303638,0.613892,0.601929,1.308594,-21.850586,-55.297852,48.645020
-93.944458,0.525513,0.582031,1.459106,-46.691895,-31.799316,18.920898
-92.018115,0.370239,0.497192,1.503784,-13.610840,6.469727,-13.366699
-86.049756,0.209106,0.369507,1.389404,-0.732422,39.062500,-38.818359
-82.464551,0.322510,0.476929,1.284302,-25.512695,61.645508,-53.344727
-81.496143,0.661621,0.370728,1.279663,-43.701172,83.862305,-68.359375
-71.144971,0.745239,0.255859,1.208252,-16.479492,94.970703,-82.397461
-70.944360,0.723267,0.293945,1.130615,-30.944824,99.121094,-87.158203
-70.289355,0.690552,0.119751,1.191895,-51.330566,105.529785,-85.815430
-66.363354,0.573730,-0.094849,1.181152,-25.268555,111.694336,-68.542480
-55.186377,0.371460,-0.243530,1.067139,0.244141,112.915039,-52.062988
-44.767529,0.196533,-0.235474,0.907837,10.437012,110.656738,-35.400391
-37.999951,0.013062,-0.213867,0.764526,15.197754,105.102539,-26.062012
-25.720825,-0.262573,-0.230469,0.606567,9.094238,86.059570,-15.136719
-22.469971,-0.352905,-0.245728,0.612549,2.746582,60.607910,-8.728027
-16.816626,-0.472900,-0.169800,0.515625,7.446289,52.856445,-6.408691
-11.177783,-0.666016,-0.151001,0.410278,37.536621,37.841797,-5.310059
-8.826050,-0.691772,-0.123169,0.373779,57.922363,24.719238,-3.173828
-10.463965,-0.702393,-0.034058,0.371948,47.729492,10.925293,1.281738
-11.794922,-0.766968,0.059692,0.388062,-10.925293,0.854492,5.126953
-11.959277,-1.057495,-0.002197,0.420410,-48.583984,-7.690430,7.568359
-34.189966,-1.054321,-0.107422,0.362061,-60.180664,-26.611328,24.230957
-32.190308,-0.813721,-0.276489,0.523193,-35.644531,-7.263184,27.709961
-39.992358,-0.599854,-0.405762,0.635132,-58.166504,-1.342773,19.287109
-35.237329,-0.639160,-0.223999,0.576416,-46.813965,4.821777,18.188477
-30.545142,-0.712280,0.057739,0.533936,-18.066406,8.361816,21.057129
-25.817505,-0.823486,-0.031860,0.507202,-33.325195,6.408691,16.662598
-26.504736,-0.742920,-0.193848,0.409180,-56.274414,1.464844,10.498047
-27.577075,-0.755127,-0.234497,0.484741,-51.513672,3.906250,3.417969
-30.304248,-0.799072,-0.242310,0.533447,-28.869629,6.530762,-1.220703
-31.135693,-0.879028,-0.109131,0.623535,-21.057129,7.141113,-3.845215
-28.254639,-0.855713,-0.276978,0.675537,-16.967773,8.483887,-3.295898
-26.607056,-0.836670,-0.258179,0.600342,-22.583008,7.873535,-8.544922
-25.474292,-0.825195,-0.205688,0.696045,-37.353516,6.713867,-6.164551
-19.673511,-0.813843,-0.225952,0.562256,3.051758,3.417969,1.464844
-19.049121,-0.833252,-0.168457,0.485840,-23.864746,1.708984,2.014160
-20.658032,-0.829834,-0.325928,0.501099,-33.935547,2.746582,0.793457
-23.510889,-0.849487,-0.312012,0.531982,-17.272949,0.549316,-0.061035
-22.644800,-0.765991,-0.428101,0.523071,-6.713867,0.000000,3.417969
-22.667358,-0.862915,-0.196045,0.502686,9.521484,0.061035,8.972168
-26.079346,-0.803345,-0.366333,0.428467,-15.441895,-0.244141,5.920410
-34.860278,-0.816162,-0.362061,0.455566,-12.695312,1.770020,3.112793
-45.262207,-0.878662,-0.353271,0.380127,-9.094238,-1.953125,1.953125
-54.528955,-0.804932,-0.331543,0.359009,-12.268066,-6.286621,3.356934
-50.517554,-0.763428,-0.262451,0.327881,-15.136719,-8.300781,4.455566
-0.364321,0.913330,-0.112061,0.428101,-35.278320,13.488770,16.052246
-1.180459,0.911865,-0.118774,0.432739,-8.850098,11.962891,16.723633
-2.977896,0.922119,-0.165649,0.435669,7.202148,13.061523,17.761230
-4.186392,0.905518,-0.124146,0.365601,-5.981445,14.465332,15.136719
-6.422915,0.875854,-0.147583,0.429321,-9.399414,17.395020,13.000488
-7.204409,0.864502,-0.177002,0.490356,14.465332,18.981934,13.977051
-6.546182,0.826294,-0.147583,0.460449,2.807617,20.324707,15.625000
-6.443862,0.733887,-0.107910,0.523315,10.192871,17.456055,17.761230
-6.482534,0.701416,-0.091187,0.511841,24.902344,16.235352,16.845703
-6.424526,0.872681,-0.143555,0.608276,1.647949,9.948730,15.808105
-9.030850,0.807495,-0.713623,0.747192,18.371582,20.141602,12.817383
-16.641958,0.779663,-0.284424,0.722656,18.554688,19.348145,20.080566
-31.005337,0.800293,-0.414795,0.832397,80.322266,32.043457,31.799316
-32.640029,0.753662,-0.324463,0.858398,69.091797,43.334961,36.804199
-30.599282,0.644409,-0.261719,0.894165,34.973145,54.077148,39.794922
-28.058218,0.536621,-0.366455,0.967041,23.132324,54.260254,41.442871
-21.787734,0.393066,-0.170532,0.850830,21.240234,38.208008,37.536621
-22.770645,0.464722,-0.142700,0.808472,37.231445,35.217285,26.489258
-23.246792,0.446411,-0.092773,0.851074,83.007812,26.123047,24.047852
-26.566934,0.401733,0.055298,0.885010,86.914062,20.141602,13.671875
-15.748477,0.329468,0.144165,0.793091,34.606934,10.986328,9.460449
-19.739736,0.469238,0.041382,0.754883,-37.231445,-4.150391,0.793457
-19.997549,0.355713,-0.018311,0.785278,-31.799316,-13.122559,10.864258
-23.487686,0.437988,0.166870,0.889648,46.936035,-16.174316,20.324707
-20.148208,0.678589,0.277954,0.714722,69.519043,-27.221680,26.916504
-36.582144,0.682373,0.101440,0.879395,14.831543,-25.512695,23.925781
-29.355337,0.695557,-0.059937,0.797485,2.868652,-20.629883,28.015137
-15.601040,0.757812,0.055664,0.684082,38.513184,-15.441895,34.362793
-11.142495,0.799072,0.187744,0.697021,36.926270,-18.737793,34.179688
-13.731094,0.712891,0.258057,0.740356,-27.465820,-27.343750,26.245117
-25.859561,0.381836,0.244751,0.894531,-38.452148,-36.621094,24.230957
-22.862490,0.773926,-0.012573,0.854614,59.570312,-19.897461,17.089844
-55.292080,0.164307,0.285400,0.951416,74.890137,-20.141602,29.174805
-95.363394,0.151855,0.435669,1.694214,18.249512,5.859375,26.306152
-142.318301,0.119263,0.240601,2.151611,16.784668,51.574707,3.601074
-156.352163,0.204590,0.198364,2.309204,-1.281738,110.107422,-8.056641
-152.014468,1.017334,0.409790,2.360107,-9.765625,158.996582,-5.981445
-107.697305,1.509766,0.434204,1.870728,-23.559570,196.289062,-12.329102
-46.669863,1.243530,0.214355,1.194702,-6.958008,180.053711,-16.845703
14.633921,0.904419,0.192383,0.601807,35.034180,147.705078,-20.935059
42.996519,0.523926,-0.018311,-0.178955,-6.958008,93.505859,-13.122559
48.684507,0.209473,-0.184937,-0.601929,-46.325684,38.940430,-0.610352
48.796494,0.058960,-0.178589,-0.531006,-21.606445,-16.113281,7.202148
39.006064,-0.002686,-0.069092,-0.168823,-22.155762,-67.687988,10.620117
20.736826,0.108521,0.218628,0.336792,14.038086,-123.413086,15.136719
-13.258975,0.385742,0.581299,0.719971,4.211426,-148.376465,14.831543
-67.857217,0.479614,0.669067,1.202271,20.751953,-151.245117,-0.122070
-69.251016,0.498291,0.760620,1.513916,105.590820,-114.624023,-24.963379
-44.278652,0.586060,1.000244,1.262573,115.844727,-101.806641,-44.921875
-33.356265,0.682861,0.755005,1.021362,52.795410,-102.355957,-58.044434
-31.651479,0.809082,0.710083,0.911377,45.654297,-98.937988,-68.725586
-36.201870,0.779663,0.596680,0.992920,19.348145,-92.102051,-77.697754
-36.221206,0.659912,0.726562,0.933472,50.476074,-88.378906,-59.631348
-48.837100,0.648682,0.522217,0.993896,-32.287598,-68.786621,-43.395996
-62.953140,0.492065,0.196655,1.182129,3.234863,-37.414551,-18.920898
-83.363833,0.476196,0.179810,1.336426,2.502441,-2.380371,6.713867
-101.936001,0.679932,0.191895,1.481323,0.854492,53.405762,51.269531
-120.807876,1.185791,0.268188,1.645508,15.747070,115.905762,83.923340
-103.689932,1.552124,0.626221,1.480225,-38.574219,188.781738,114.135742
-74.784316,1.970337,1.083496,1.186279,-100.524902,212.707520,139.221191
9.580796,1.293701,1.014893,0.408569,-84.716797,149.719238,88.500977
30.156650,0.535400,0.677612,0.064575,-86.059570,93.872070,53.039551
35.930845,0.201660,0.514771,-0.047241,-50.170898,40.588379,16.967773
35.239585,-0.014771,0.492676,-0.055786,-8.239746,-2.441406,-14.099121
24.656382,0.006958,0.327881,0.088867,6.225586,-37.841797,-33.935547
12.528721,0.083618,0.228638,0.297729,46.203613,-69.580078,-47.180176
3.713950,0.034058,0.174805,0.505615,44.982910,-93.627930,-50.598145
-14.978262,0.384644,0.101929,0.789307,37.597656,-125.854492,-37.719727
-34.019326,0.834961,-0.091187,0.962891,20.629883,-134.155273,-27.832031
-56.224233,1.036011,-0.088867,1.086060,24.108887,-123.962402,-8.911133
-81.682412,1.020386,-0.000610,1.475830,69.580078,-97.778320,8.239746
-87.471914,0.429688,-0.013184,1.704712,17.333984,-72.570801,19.836426
-118.298232,-0.086060,0.088745,2.012817,-4.028320,-49.377441,32.348633
-145.904312,-0.205200,0.208374,2.237671,-4.577637,-5.676270,26.306152
-155.311245,0.108032,0.510376,2.191406,-39.367676,69.946289,12.268066
-153.904556,0.549561,0.555298,2.300903,-4.882812,140.014648,-3.601074
-123.172500,1.419434,0.512817,2.101074,-17.089844,188.720703,-27.404785
-80.657607,1.697510,0.390625,1.592041,-4.516602,192.260742,-45.593262
-13.346792,1.313843,0.126709,0.860107,8.544922,156.127930,-53.588867
8.203110,1.080200,-0.036377,0.453125,12.390137,101.440430,-48.889160
24.968979,0.703613,-0.129883,0.099609,-7.812500,54.870605,-39.672852
40.930796,0.414551,-0.273682,-0.288818,-39.550781,16.601562,-13.305664
36.931479,0.331421,-0.409546,-0.176025,-13.122559,-38.635254,16.235352
8.633335,0.223877,-0.117188,0.259155,-17.272949,-77.575684,24.414062
-7.559707,0.078613,-0.142944,0.676270,-47.485352,-94.055176,23.742676
-24.916128,0.177734,0.018433,0.913574,-16.967773,-105.773926,25.085449
-53.594546,0.292603,0.080078,1.227783,22.521973,-112.915039,28.808594
-66.988711,0.498291,0.126221,1.461060,35.339355,-99.548340,34.057617
-68.413931,0.548340,0.110718,1.420288,35.278320,-80.932617,48.156738
-57.833950,0.395386,0.092896,1.234009,51.879883,-65.856934,55.053711
-58.285928,0.316650,0.118896,1.199219,55.236816,-56.945801,62.377930
-57.183779,0.445801,0.147217,1.280029,70.312500,-39.611816,69.335938
-49.213345,0.495972,0.217773,1.199585,46.936035,-20.690918,75.134277
-44.965884,0.505249,0.193115,1.117310,46.264648,-2.502441,78.430176
-37.983193,0.262451,0.192749,1.074707,66.345215,8.056641,75.439453
-61.553701,0.022095,0.097290,1.310791,75.378418,13.366699,72.570801
-97.496792,0.031250,0.170776,1.511475,40.649414,44.433594,57.434082
-112.425747,-0.102051,-0.084473,1.859741,24.597168,86.181641,44.982910
-100.032217,0.160400,-0.159058,1.779541,44.738770,101.562500,25.329590
-78.625723,0.667358,-0.031982,1.451904,-18.066406,108.642578,16.601562
-42.957363,0.951904,-0.020508,1.302490,29.174805,94.543457,11.657715
-4.739883,1.477295,0.439819,0.788452,41.503906,76.904297,7.751465
10.337314,1.440796,0.203125,0.290405,-6.042480,59.082031,2.136230
24.055356,0.920654,0.208374,0.146484,-81.115723,25.329590,11.596680
16.329038,0.483154,0.042236,0.358032,-60.363770,-1.892090,11.840820
-1.114395,0.276978,-0.024658,0.480347,49.072266,-31.127930,6.652832
-8.868105,-0.020630,0.128540,0.592773,24.902344,-44.677734,7.629395
-23.205703,0.047729,0.060181,0.745483,-41.503906,-54.260254,3.295898
-33.358682,0.093994,-0.081177,0.963013,0.183105,-60.729980,3.967285
-44.446230,0.136597,-0.024414,1.163696,26.855469,-66.467285,10.192871
-50.162417,0.142212,0.061523,1.221558,15.319824,-63.964844,15.075684
-60.993765,0.174927,0.046631,1.282349,18.920898,-54.687500,15.502930
-63.854678,0.057739,0.134399,1.325439,13.916016,-45.837402,13.061523
-71.692178,-0.003052,0.179810,1.457520,27.893066,-34.729004,13.610840
-76.869375,-0.087402,0.221313,1.521729,26.611328,-12.268066,10.131836
-94.364370,0.084595,0.274536,1.570190,0.061035,11.779785,2.990723
-92.438833,0.221313,0.210815,1.646851,-19.897461,49.743652,-10.009766
-88.626431,0.390381,0.166504,1.574951,-23.620605,79.040527,-16.113281
-75.665713,0.617554,0.142090,1.439453,-44.067383,101.074219,-18.310547
-63.137637,0.737793,0.143433,1.331543,-51.147461,111.511230,-11.474609
-50.516909,0.804443,0.068726,1.195679,-36.682129,115.478516,-5.859375
-19.564102,0.703125,0.023315,0.804199,-26.733398,107.543945,5.065918
0.637925,0.420776,-0.025513,0.544189,-42.785645,76.721191,16.845703
13.501157,0.208130,-0.228882,0.297485,-27.770996,47.058105,23.437500
15.956016,0.051514,-0.225342,0.224731,-1.403809,13.916016,30.761719
10.761899,-0.082886,-0.228638,0.305542,-8.544922,-12.634277,34.179688
6.566001,-0.177856,-0.258545,0.401123,-11.779785,-42.236328,40.527344
-4.001895,-0.392456,-0.282104,0.565308,2.990723,-68.176270,53.710938
-26.856167,-0.311157,-0.133545,0.795044,26.489258,-80.810547,69.335938
-38.871035,-0.226929,0.094727,0.948120,9.643555,-76.049805,81.298828
-40.312368,-0.122925,0.131470,0.987793,-8.117676,-71.350098,88.317871
-36.281631,0.082397,0.168213,1.001831,19.104004,-66.711426,89.111328
-31.649868,0.118530,0.228760,0.975708,8.178711,-67.016602,84.960938
-41.738394,0.264648,0.203613,1.141968,32.470703,-69.580078,71.228027
-48.953115,0.183350,0.266357,1.211060,49.377441,-63.110352,65.734863
-62.134585,0.098267,0.348755,1.359131,38.696289,-47.424316,58.654785
-78.727236,-0.017578,0.388916,1.501465,41.870117,-21.606445,44.616699
-112.139736,0.066650,0.451782,1.860840,30.456543,8.789062,21.179199
-132.433608,0.444214,0.520996,2.029663,-9.155273,60.974121,0.000000
-118.821914,0.648193,0.491211,1.909668,-7.141113,114.990234,-18.798828
-86.874917,0.766357,0.349854,1.619385,-54.809570,139.404297,-27.465820
-55.002847,0.793945,0.167358,1.269409,-42.358398,142.333984,-23.986816
-9.208096,0.662231,0.145874,0.698853,-50.720215,124.450684,-17.456055
21.375718,0.543335,-0.080078,0.275879,-59.692383,91.003418,-7.385254
37.699277,0.238525,-0.132935,-0.123291,-31.677246,46.569824,0.793457
38.760337,0.086914,-0.180298,-0.209595,-14.709473,0.732422,5.126953
37.578428,-0.006104,-0.220215,-0.086426,-6.042480,-49.072266,7.568359
27.457676,-0.064697,-0.260986,0.082642,17.150879,-88.745117,15.991211
-0.760708,0.051147,-0.096191,0.504517,33.203125,-123.718262,30.151367
-28.505361,0.247192,0.077759,0.963623,64.392090,-135.864258,41.564941
-62.564004,0.508301,0.249390,1.363159,51.696777,-138.305664,46.020508
-81.360146,0.673828,0.299927,1.662598,18.249512,-130.432129,46.813965
-81.507583,0.741943,0.217407,1.704224,26.062012,-110.046387,47.180176
-76.199868,0.774780,0.255737,1.426270,48.400879,-82.153320,43.579102
-64.287319,0.296143,0.268433,1.188477,-8.728027,-60.485840,38.269043
-68.760366,0.192261,0.152588,1.295654,14.465332,-33.142090,24.047852
-98.316152,0.054321,0.380005,1.475586,32.897949,13.183594,3.173828
-110.141689,0.043091,0.422119,1.738159,-3.967285,70.800781,-24.475098
-112.957485,0.243408,0.414917,1.910278,-5.798340,111.328125,-42.480469
-121.586147,0.666382,0.603027,1.953979,-3.295898,136.169434,-48.645020
-79.820522,1.006226,0.507935,1.847290,-50.781250,141.052246,-63.049316
-38.716348,0.775391,0.163208,1.161865,-65.185547,123.413086,-40.283203
-12.927041,0.744751,-0.027466,0.787231,-33.996582,105.957031,-26.123047
13.446372,0.582642,-0.174194,0.281738,-14.465332,84.289551,-16.174316
31.893662,0.307617,-0.363281,0.109375,7.202148,35.156250,-5.249023
33.477598,0.211670,-0.342407,-0.016968,-30.395508,-11.352539,8.544922
28.952988,0.214478,-0.306885,0.004395,-16.784668,-44.677734,18.859863
17.029966,0.190674,-0.095459,0.237793,6.042480,-81.298828,28.625488
-12.397720,0.285767,0.145264,0.613403,5.432129,-103.942871,27.221680
-31.510488,0.495972,0.041138,0.995361,20.324707,-119.079590,16.906738
-60.068862,0.641846,0.059692,1.293579,56.823730,-122.375488,13.732910
-61.913833,0.656494,0.178223,1.292114,16.052246,-101.684570,17.639160
-67.599404,0.667969,0.140747,1.450684,-6.530762,-98.388672,18.676758
-77.671011,0.588135,0.315796,1.445312,41.137695,-76.354980,8.605957
-90.685708,0.101807,0.300171,1.650879,22.338867,-51.330566,3.662109
-118.514150,-0.188354,0.461548,1.875000,5.615234,-7.690430,-17.395020
-115.237515,0.159790,0.669189,1.801392,-32.714844,41.442871,-32.348633
-116.122134,0.520386,0.525391,1.804810,-33.508301,99.365234,-45.043945
-79.690005,1.026001,0.390625,1.530518,-14.221191,153.198242,-57.800293
-38.264370,0.874268,0.213501,1.132935,-38.818359,134.887695,-59.204102
-10.391616,0.673584,0.029419,0.674438,-80.688477,116.149902,-48.828125
10.731284,0.513428,-0.107056,0.375244,-39.306641,92.651367,-37.536621
21.097764,0.302856,-0.160400,0.157959,6.042480,61.096191,-28.808594
27.579331,-0.010498,-0.080688,0.023438,21.484375,30.334473,-21.789551
31.469077,-0.191040,-0.202026,0.081421,13.305664,-11.657715,-6.408691
18.021738,-0.198730,-0.266846,0.245605,-0.427246,-56.945801,7.202148
1.592637,0.008057,-0.265625,0.477905,43.457031,-86.975098,24.902344
-14.257998,0.175903,-0.143921,0.714233,41.931152,-101.074219,47.973633
-41.070498,0.418945,0.107910,1.026611,-2.319336,-110.229492,65.307617
-68.262466,0.583130,0.162354,1.461060,17.395020,-118.347168,75.805664
-77.739492,0.737793,0.273071,1.442993,71.716309,-98.571777,92.163086
-58.791885,0.784668,0.312012,1.269409,37.048340,-65.551758,104.492188
-41.675552,0.703613,0.267822,1.060303,46.997070,-45.837402,109.497070
-29.436709,0.671631,0.285156,0.903809,61.035156,-24.780273,109.619141
-31.157607,0.599609,0.331665,0.914917,42.785645,-14.099121,103.576660
-35.306777,0.526489,0.358643,1.042725,19.714355,-6.835938,86.425781
-49.989199,0.482666,0.398682,1.161011,-6.469727,0.183105,63.232422
-72.588882,0.348389,0.396606,1.406494,4.760742,19.958496,35.217285
-115.928774,0.345337,0.454712,1.717896,42.175293,62.927246,7.873535
-116.608755,0.447021,0.560181,1.915527,48.400879,130.004883,-34.484863
-87.858633,0.358398,0.487305,1.697510,3.417969,147.094727,-53.405762
-75.242739,0.413818,0.263184,1.495728,-57.861328,144.409180,-54.931641
-60.403213,0.428711,0.052368,1.257446,-36.499023,139.526367,-47.851562
-42.066299,0.403198,0.041016,0.933350,-22.583008,141.052246,-43.212891
-5.284512,0.068604,-0.140747,0.490967,-60.241699,134.704590,-30.273438
22.655112,-0.149414,-0.330444,0.197754,-50.292969,109.985352,-13.061523
40.139634,-0.360718,-0.345459,-0.213745,-28.686523,65.185547,-1.525879
46.314243,-0.397339,-0.411133,-0.540161,-59.326172,24.963379,8.666992
43.558066,-0.431641,-0.488281,-0.412231,-58.288574,-32.958984,21.301270
34.764243,-0.432739,-0.510986,-0.161865,-14.160156,-64.880371,24.841309
13.835508,-0.333740,-0.379883,0.217773,7.690430,-91.003418,40.527344
-8.764175,-0.210083,-0.237061,0.589844,17.639160,-101.318359,55.603027
-19.926650,-0.119751,0.236450,0.810181,24.963379,-104.003906,69.335938
-30.430093,0.028564,0.362427,0.971558,-6.896973,-110.900879,65.490723
-36.573281,0.111938,0.430786,1.119629,31.616211,-113.952637,47.546387
-35.659658,0.173828,0.685059,1.095459,73.669434,-103.698730,29.296875
-37.123550,0.192505,0.869507,1.106201,57.250977,-98.022461,5.249023
-44.466372,0.386475,0.905029,1.165405,17.883301,-96.191406,-34.240723
-50.300186,0.521484,0.871216,1.215210,7.812500,-89.538574,-68.969727
-54.023965,0.563843,0.747314,1.220581,23.620605,-75.805664,-97.534180
-46.507925,0.647949,0.698853,1.118164,-2.502441,-67.687988,-114.501953
-33.759097,0.772217,0.483154,1.044067,-27.954102,-56.213379,-121.948242
-15.160342,0.731201,0.248535,0.799316,-18.066406,-57.861328,-111.083984
-18.639199,0.754517,0.154663,0.752686,-33.020020,-58.898926,-84.777832
-20.804824,0.672485,-0.064819,0.728638,-37.902832,-51.879883,-59.692383
-29.862905,0.640381,-0.201050,0.844849,8.178711,-42.663574,-30.273438
-52.954849,0.432739,-0.511230,1.155640,-7.202148,-40.283203,-10.131836
-54.670913,0.561401,-0.329468,1.233032,-9.338379,-23.315430,41.870117
-57.508462,0.665405,-0.148560,1.158936,-10.314941,-5.615234,68.725586
-62.692104,0.824341,-0.074341,1.194336,10.498047,18.310547,103.027344
-68.989175,1.072388,0.026245,1.237549,3.234863,46.325684,127.441406
-73.217300,1.210327,-0.006836,1.306030,3.417969,83.068848,138.427734
-75.799453,1.366211,0.267334,1.317749,8.789062,109.008789,138.244629
-74.841519,1.278076,0.527222,1.337769,-63.903809,121.826172,132.873535
-66.268447,1.112549,0.385498,1.331299,-97.900391,117.980957,124.938965
-35.541226,0.665771,0.215454,0.948120,-59.387207,117.431641,111.999512
-11.199697,0.358398,0.110596,0.621460,-40.588379,110.412598,100.036621
0.894932,0.047852,0.017944,0.487427,-36.682129,90.087891,81.298828
3.986265,-0.218506,-0.029175,0.391235,-39.428711,61.218262,59.997559
2.863975,-0.344971,-0.176147,0.455688,-38.879395,39.184570,46.020508
-2.178677,-0.417969,-0.260986,0.450684,-17.944336,21.484375,43.762207
0.223008,-0.522217,-0.242798,0.427979,-26.672363,10.192871,49.621582
-3.147085,-0.580811,-0.230469,0.462646,-41.992188,-4.516602,52.246094
-3.369448,-0.641846,-0.230957,0.515503,-8.544922,-11.962891,58.654785
-7.012661,-0.722412,-0.153198,0.550903,2.502441,-21.850586,69.396973
-5.907290,-0.671021,-0.087524,0.544922,-9.948730,-29.418945,72.814941
-12.327627,-0.721191,-0.001099,0.571289,-38.574219,-32.043457,71.716309
-18.847866,-0.660278,0.116943,0.746094,-31.250000,-37.292480,72.021484
-18.281484,-0.588867,0.148071,0.725098,-16.052246,-36.804199,71.350098
-11.901431,-0.628540,0.112183,0.615723,-43.090820,-37.719727,63.415527
-13.559487,-0.747925,0.024292,0.663818,-67.321777,-56.335449,61.157227
-18.826919,-0.532471,0.161133,0.755859,-39.184570,-72.082520,69.152832
-23.784976,-0.442627,0.269653,0.783447,-36.193848,-84.350586,74.096680
-50.926187,0.530518,0.128174,0.868286,-84.716797,-73.242188,38.818359
-69.794839,0.092163,-0.131104,1.436279,-26.794434,-49.072266,21.911621
-66.044473,-0.061890,-0.049316,1.279053,5.615234,-34.301758,13.977051
-47.990347,-0.108154,-0.079346,1.120239,-36.865234,-15.747070,13.793945
-38.505264,-0.046509,-0.156982,0.992798,-37.414551,-12.878418,7.568359
-39.954653,-0.002563,-0.294922,1.053955,-0.915527,-14.038086,-2.258301
-35.560562,-0.040771,-0.116943,0.964600,6.103516,-10.009766,-5.554199
-36.322720,-0.091797,-0.090698,0.949585,-26.733398,-7.080078,-10.253906
-37.337051,-0.115845,-0.288574,1.035889,-19.714355,-2.990723,-15.197754
-36.894741,-0.110474,-0.362793,1.011963,41.503906,0.610352,-14.953613
-38.683315,-0.198730,-0.059326,0.990479,50.659180,-0.244141,-17.272949
-38.768716,-0.162231,-0.059692,1.029297,-14.038086,-0.183105,-26.123047
-39.576797,0.042236,-0.462280,1.114136,7.019043,1.586914,-14.892578
-37.423257,0.007202,0.008911,1.010498,18.737793,0.366211,-22.094727
-36.346084,0.064087,-0.110474,0.988647,20.568848,-3.295898,-18.676758
-36.848013,0.110352,-0.067139,0.932129,23.681641,-1.220703,-14.099121
-37.814810,0.062744,-0.156494,1.009155,13.305664,-3.479004,-12.634277
-38.427920,0.092285,-0.170532,1.000122,-6.774902,-1.892090,-12.268066
-40.943203,0.017578,-0.090698,1.026367,-11.352539,-0.122070,-6.103516
-42.295913,0.008789,-0.126221,1.083008,-13.061523,-1.281738,1.159668
-43.758999,0.036621,-0.172852,1.108154,-10.009766,-1.464844,10.803223
-51.080874,0.056152,-0.197876,1.061523,2.258301,-2.746582,19.226074
-61.649575,0.103394,-0.106934,0.986328,4.943848,-7.446289,24.353027
-70.365249,0.187744,-0.176392,0.910645,-6.103516,-13.732910,29.296875
-73.616909,0.233765,-0.120483,0.896973,7.629395,-13.000488,33.264160
-0.692468,-0.067383,-0.061401,0.996216,2.258301,-0.671387,1.159668
-1.186340,-0.064453,-0.051514,1.006958,0.000000,-0.549316,1.159668
-0.621570,-0.069214,-0.058716,1.010254,0.366211,-0.061035,1.037598
-0.460437,-0.064697,-0.050415,1.001465,0.183105,0.183105,0.793457
-0.623987,-0.062256,-0.053345,1.003296,-0.549316,0.366211,0.854492
-0.607874,-0.069336,-0.049561,1.006226,0.061035,0.610352,0.854492
-0.830237,-0.063843,-0.052490,1.006470,-1.281738,0.854492,0.854492
-0.995398,-0.071533,-0.057739,1.007202,0.183105,1.281738,0.976562
-0.769006,-0.074097,-0.054077,1.005127,0.427246,1.831055,1.159668
-0.718250,-0.072144,-0.050049,1.002930,-1.037598,2.014160,0.793457
-0.474939,-0.072876,-0.052856,1.003174,0.488281,2.075195,0.671387
0.417737,-0.086060,-0.046509,0.993774,1.037598,2.075195,0.366211
0.659436,-0.074951,-0.041382,0.996948,-0.488281,1.342773,0.244141
-0.134143,-0.084839,-0.055054,0.998291,0.488281,0.793457,0.061035
1.373254,-0.084473,-0.053223,1.007935,2.685547,0.671387,0.183105
-0.588538,-0.074951,-0.052124,1.004395,-0.244141,1.037598,0.732422
-2.229675,-0.072754,-0.085083,1.030151,2.441406,0.915527,2.563477
-2.049207,-0.083740,-0.063965,1.020386,13.732910,1.831055,6.713867
-2.472986,-0.037231,-0.132446,1.028809,-0.915527,5.065918,31.860352
-2.407727,-0.029297,-0.160156,0.999512,-3.845215,6.469727,45.349121
-1.714856,-0.033447,-0.214233,1.027222,-7.507324,5.920410,61.279297
-3.317322,-0.015991,-0.230225,1.005249,-11.047363,5.371094,74.157715
-6.679358,0.016113,-0.296265,1.072510,-7.995605,4.760742,82.641602
-2.961218,0.096680,-0.271118,0.961670,-11.840820,8.361816,90.148926
-0.710193,0.043213,-0.259399,0.967407,-33.630371,9.155273,94.360352
0.222766,0.023315,-0.278320,0.986816,-33.325195,4.638672,96.191406
-0.562756,-0.045532,-0.079468,1.034180,-22.033691,1.770020,97.961426
0.294470,0.097412,-0.125977,1.018799,-34.912109,-9.338379,102.233887
-2.186169,0.151489,-0.048096,1.080933,-14.343262,-10.681152,108.154297
-4.744153,0.160278,-0.058838,1.043701,-42.663574,-20.935059,112.792969
-3.928015,0.059692,-0.104614,1.025024,-40.283203,-18.310547,111.938477
-5.839856,-0.003906,-0.246582,1.061890,-24.536133,-19.958496,113.464355
-3.805554,-0.012085,-0.158203,1.023071,-0.183105,-19.042969,113.464355
1.834900,0.043457,-0.079834,0.939697,-3.967285,-12.634277,108.947754
7.112805,-0.008301,-0.118774,0.885010,-19.348145,-9.887695,106.140137
7.932971,-0.112061,-0.122803,0.840332,-7.202148,-8.056641,104.003906
0.177649,-0.204590,-0.140015,0.936401,-15.930176,-1.892090,103.576660
-17.829749,-0.109253,-0.321655,1.197754,-36.010742,-7.446289,111.572266
-17.948181,0.060913,-0.418457,1.319946,-11.779785,-12.512207,127.990723
-10.764075,0.398560,-0.261719,1.162354,21.728516,-22.338867,113.769531
-7.370618,0.242920,-0.053833,1.002319,-9.033203,-10.437012,107.177734
4.459753,0.028198,-0.135376,0.822998,-59.570312,-5.004883,108.642578
8.347083,0.025146,-0.138428,0.884033,-14.587402,-5.310059,107.971191
8.969861,0.028931,-0.057251,0.816284,-25.207520,-8.666992,100.769043
8.860291,-0.198486,-0.101929,0.880005,-32.714844,-15.197754,91.735840
5.213855,-0.374634,-0.131836,0.900391,2.441406,-19.470215,80.932617
1.146863,-0.172363,-0.122803,0.936279,4.821777,-18.249512,70.739746
2.632507,-0.189331,-0.085571,0.956543,-4.882812,-15.625000,67.382812
8.512244,-0.093140,-0.159424,0.836182,-19.165039,-25.451660,60.791016
12.176404,0.189941,-0.058472,0.949341,-23.010254,-34.606934,54.077148
17.864392,0.109131,-0.135376,0.822754,3.479004,-55.908203,42.724609
18.316370,0.122925,-0.052490,0.721558,66.772461,-57.617188,43.762207
13.558923,0.311401,0.115234,0.784180,9.582520,-56.884766,47.912598
6.088806,0.328979,-0.038452,0.917236,-33.264160,-63.781738,47.424316
1.596423,0.478638,-0.158325,1.031616,-2.319336,-69.519043,47.851562
4.025500,0.486206,-0.239990,0.835449,27.587891,-64.575195,55.541992
0.675549,0.677856,-0.291382,0.996338,7.141113,-64.147949,56.457520
6.413489,0.743042,-0.170288,0.940796,21.362305,-56.701660,46.264648
7.002429,0.560913,-0.191284,0.880127,18.371582,-53.344727,43.273926
9.848840,0.531860,-0.177979,0.752441,37.170410,-41.870117,40.039062
5.130066,0.752319,-0.005249,0.902466,16.601562,-34.301758,27.587891
2.763831,0.636108,-0.178955,1.006226,32.470703,-27.709961,20.812988
2.556775,0.742065,-0.077393,0.854492,67.871094,-19.165039,20.751953
-1.021179,0.801758,0.064575,0.905151,16.967773,-4.272461,13.366699
-3.932043,0.643433,-0.052124,0.951416,-29.846191,4.150391,18.554688
-20.323279,0.673706,-0.134399,1.187500,-9.948730,16.784668,18.493652
-39.579456,0.765991,-0.018555,1.372314,4.699707,41.442871,19.531250
-53.417542,0.755005,-0.060791,1.456421,14.099121,76.782227,12.145996
-41.820813,0.883179,-0.052124,1.255493,23.559570,122.253418,-7.995605
-16.005725,0.861694,-0.203125,1.018677,18.737793,140.686035,-19.714355
8.127942,0.471558,-0.272583,0.852783,49.438477,135.070801,-31.616211
20.038879,0.268433,0.037964,0.618164,44.555664,106.201172,-39.794922
19.727087,0.318481,-0.100952,0.616821,39.245605,88.928223,-43.579102
35.912073,0.056396,-0.212524,0.387939,45.227051,81.604004,-55.847168
49.998303,-0.138184,-0.217163,0.238647,45.654297,64.758301,-60.302734
57.776990,-0.065796,-0.288208,0.231567,-4.455566,0.854492,-55.053711
65.830408,-0.161255,-0.330811,0.172852,-65.856934,-50.476074,-21.118164
60.724915,-0.120972,-0.402954,0.086304,-91.430664,-96.557617,15.441895
35.319104,0.494629,-0.400635,0.591064,-67.810059,-127.990723,36.193848
16.333630,0.687744,-0.120728,0.762451,-22.888184,-144.470215,51.147461
-13.315613,0.950806,-0.054565,1.090942,57.067871,-144.348145,59.326172
-37.515344,1.071045,0.165039,1.171021,63.171387,-123.229980,63.415527
-43.039783,0.998657,0.186157,1.290283,21.667480,-104.248047,56.457520
-38.315369,0.442993,0.022095,1.425903,16.357422,-77.331543,43.884277
-49.336047,-0.073242,0.165771,1.662354,68.115234,-41.259766,32.104492
-81.163806,-0.767334,0.338501,1.917480,23.742676,13.854980,15.747070
-113.644153,-0.004517,0.846191,2.229370,4.516602,69.458008,-21.301270
-107.271350,0.415527,0.767456,2.184937,-17.883301,117.858887,-52.734375
-110.113733,0.728027,0.580566,2.240112,9.094238,149.047852,-74.096680
-100.991199,1.132202,0.655884,2.419434,28.442383,169.494629,-90.942383
-45.587292,1.145752,0.453857,1.803711,2.441406,177.856445,-107.238770
14.790784,0.986084,0.078125,0.817383,24.536133,152.038574,-99.914551
73.090247,0.637451,-0.396973,0.054077,17.822266,85.815430,-75.256348
83.658142,0.639404,-0.494751,-0.451050,-12.756348,8.483887,-37.780762
80.016541,0.623047,-0.573730,-0.323120,-0.488281,-48.461914,0.366211
60.969031,0.582520,-0.262817,0.047363,-10.314941,-81.909180,22.216797
47.142224,0.533325,-0.254272,0.429810,-28.076172,-122.863770,36.193848
15.351526,0.446533,-0.163086,0.896851,-1.647949,-159.301758,48.034668
-18.564514,0.649414,0.216675,1.209351,33.203125,-175.781250,61.767578
-39.205627,0.590576,0.444092,1.638916,30.395508,-164.184570,64.575195
-102.414807,0.612427,0.619873,2.053955,51.086426,-131.225586,44.982910
-133.979114,0.174194,0.775635,2.369385,54.504395,-44.982910,3.540039
-102.309265,-0.087036,0.741211,2.158813,35.461426,50.903320,-42.480469
-63.366687,0.236450,0.496094,1.715820,-21.362305,106.506348,-70.129395
-37.438806,0.656250,0.308472,1.486328,-24.963379,128.479004,-78.857422
-31.641248,1.113403,0.358398,1.289673,-16.784668,131.530762,-82.641602
15.211340,1.055298,0.133179,1.123291,-5.432129,114.013672,-69.885254
42.110852,0.779907,0.061401,0.584961,12.329102,75.378418,-46.081543
49.632532,0.813599,-0.204224,0.350342,15.747070,32.958984,-15.380859
51.261584,0.571777,-0.354614,0.229858,-1.464844,-4.760742,19.348145
50.172327,0.405640,-0.416992,0.278931,-5.310059,-34.851074,57.739258
39.003406,0.261963,-0.308960,0.506714,19.470215,-67.871094,102.050781
15.040540,0.483154,-0.008911,0.752686,13.305664,-85.205078,139.892578
-9.048816,0.714966,0.341919,1.168091,34.973145,-86.059570,166.809082
-14.830261,0.870850,0.631714,1.317871,44.860840,-65.917969,180.419922
-11.105676,0.913208,0.728760,1.149292,39.428711,-42.846680,176.879883
-4.201135,0.717407,0.752319,1.028687,57.189941,-24.902344,167.663574
-15.781750,0.401001,0.938965,1.111450,48.400879,-10.620117,127.990723
-49.247424,0.043091,0.942383,1.507568,46.325684,17.761230,100.036621
-64.601770,-0.084473,0.952637,1.774414,55.358887,63.781738,45.776367
-55.927185,0.128906,0.819580,1.722290,22.827148,94.543457,1.831055
-51.909338,0.441406,0.422119,1.654053,30.029297,112.182617,-33.935547
-41.630676,0.609863,0.226196,1.548340,5.371094,116.027832,-49.621582
-8.491296,0.871948,0.022949,1.093018,-21.057129,110.717773,-51.269531
22.724963,1.030273,-0.072998,0.585938,-63.354492,85.571289,-28.381348
61.796448,0.894409,-0.199585,0.257080,-20.019531,61.889648,-6.347656
71.510339,0.860596,-0.097412,-0.134033,-2.563477,15.808105,25.268555
67.758362,0.578369,-0.050293,-0.011597,-30.090332,-26.611328,42.541504
50.256116,0.516479,0.177979,0.290771,-25.024414,-66.101074,46.630859
27.576672,0.439209,0.182251,0.671997,2.075195,-84.533691,43.701172
11.522205,0.189941,0.255737,0.969971,40.466309,-95.458984,45.715332
-7.744446,0.276978,0.365356,1.155884,29.296875,-102.661133,40.588379
-21.700159,0.207031,0.429932,1.335938,39.062500,-113.647461,42.053223
-48.875208,0.256714,0.451294,1.606812,27.526855,-100.646973,32.043457
-67.509412,0.063354,0.557007,1.802124,30.944824,-67.749023,16.357422
-95.486096,-0.405518,0.510132,2.140381,41.259766,-32.897949,-3.967285
-100.643152,0.062866,0.300903,2.251831,-21.789551,91.918945,-49.133301
-78.480945,0.730957,0.202026,2.003784,-32.165527,122.558594,-36.376953
-31.017664,1.139038,0.205322,1.486572,-19.042969,137.329102,-26.916504
26.817737,1.407837,0.339844,0.664673,-9.155273,127.502441,-11.901855
50.066785,1.363892,0.201294,0.252808,11.291504,85.144043,-8.728027
63.704260,0.931763,0.059082,-0.020386,2.075195,45.349121,-10.314941
68.589001,0.561035,0.000366,-0.010864,-61.706543,4.211426,5.310059
60.062659,0.464233,0.007324,0.191772,-26.000977,-34.729004,16.906738
49.205530,0.362061,-0.004639,0.276245,9.460449,-59.936523,18.493652
23.662756,0.326782,0.150391,0.610474,23.376465,-80.505371,26.306152
16.245007,0.509033,0.203125,0.870850,23.864746,-80.871582,28.747559
-7.761365,0.428833,0.205933,1.194092,64.880371,-87.036133,39.672852
-26.062024,0.445068,0.311646,1.422607,81.604004,-80.444336,54.565430
-37.879504,0.320068,0.469604,1.511963,47.241211,-61.340332,88.867188
-31.280310,0.362671,0.392334,1.570801,57.983398,-43.579102,102.600098
-33.851990,0.373535,0.497437,1.503540,38.757324,-24.169922,96.252441
-17.335071,0.256104,0.550049,1.225952,40.710449,2.990723,72.265625
-14.174451,0.121582,0.342651,1.156616,6.103516,13.244629,64.636230
-56.650671,0.067261,0.476074,1.671265,29.235840,33.752441,50.109863
-84.530676,0.197876,0.769653,1.932495,-2.197266,72.265625,18.615723
-83.297205,0.359863,0.745361,1.908813,-29.602051,120.605469,-17.272949
-61.938245,0.618652,0.602173,1.666748,-56.091309,149.475098,-32.897949
-20.477966,0.809814,0.424805,1.351440,-26.733398,156.188965,-39.001465
24.971960,0.701904,0.158203,0.797852,-33.813477,132.690430,-42.297363
56.054480,0.736938,-0.221313,0.239990,-39.794922,88.867188,-30.883789
74.342249,0.391968,-0.296997,-0.162842,-21.545410,46.020508,-18.188477
75.438757,0.104004,-0.298584,-0.235718,-28.015137,-6.896973,-5.310059
67.411121,-0.006592,-0.203369,-0.024048,1.037598,-43.151855,0.183105
47.922107,0.058228,-0.124756,0.336426,30.212402,-76.721191,5.187988
21.253821,0.127197,-0.028442,0.631714,9.460449,-95.703125,4.760742
-7.817761,0.309326,-0.098633,1.049316,-3.662109,-109.924316,1.464844
-21.616370,0.472534,0.010254,1.375366,34.301758,-115.417480,9.155273
-21.149084,0.606323,0.076782,1.389648,32.348633,-114.685059,18.554688
-9.856091,0.537476,0.010742,1.110718,33.203125,-103.759766,22.705078
-26.354480,0.330566,0.046509,1.168579,49.194336,-88.806152,28.381348
-62.606946,-0.015259,0.106201,1.571533,75.134277,-56.518555,28.015137
-102.573523,0.185425,0.569214,1.960083,39.855957,-2.014160,13.977051
-99.970422,0.296509,0.384644,2.096558,-18.127441,61.462402,-1.403809
-86.278162,0.444214,0.274414,2.007324,10.620117,108.520508,-9.460449
-79.501721,0.953125,0.453857,1.840820,-5.920410,144.592285,-24.291992
-43.540100,0.980835,0.355225,1.543579,0.854492,167.236328,-37.902832
-2.000061,0.800781,0.342896,1.038452,-26.367188,159.545898,-49.438477
41.379309,0.741455,0.033936,0.590698,-9.521484,130.004883,-51.025391
67.287854,0.424561,0.024536,-0.014282,-24.658203,89.294434,-50.354004
75.905237,0.092285,-0.199707,-0.275391,-63.354492,47.729492,-29.846191
79.048132,0.004150,-0.168335,-0.172729,-24.597168,-11.291504,-10.681152
71.634412,0.120483,-0.150513,-0.107910,-6.713867,-73.730469,-1.831055
54.942664,0.260620,-0.213501,0.172729,3.540039,-108.642578,-3.112793
6.557703,0.962524,-0.607788,0.826660,-10.986328,-128.662109,-8.117676
-31.540540,0.980225,-0.229370,1.522827,-59.082031,-135.925293,1.220703
-53.278967,0.628540,-0.313354,2.109131,-45.043945,-124.389648,-2.075195
-36.106238,0.354858,-0.286743,1.530029,76.416016,-113.830566,5.004883
-35.872595,0.286255,-0.198975,1.269531,95.397949,-97.595215,17.456055
-40.131335,0.041870,0.056885,1.344238,27.832031,-69.335938,20.935059
-61.292102,-0.165161,0.137451,1.623535,-25.268555,-32.592773,12.390137
-46.172205,0.058472,0.303711,1.589722,6.591797,2.746582,3.295898
-45.706531,0.049316,0.282227,1.545166,-53.894043,25.085449,-14.099121
-65.525061,0.285034,0.188354,1.691528,-30.761719,58.532715,-34.301758
-80.922913,0.690430,0.380127,1.842163,1.464844,103.515625,-42.724609
-78.813684,1.322754,0.291016,1.864380,-4.211426,145.080566,-55.419922
-47.889075,1.522339,0.159668,1.537476,-23.376465,150.451660,-70.617676
-16.729211,1.357544,-0.034424,1.295898,-41.198730,147.949219,-76.293945
20.676965,0.914917,-0.118774,0.807129,-22.399902,130.615234,-72.937012
48.590808,0.478271,-0.276245,0.394775,-16.052246,103.942871,-70.007324
52.632019,0.240356,-0.252075,0.168701,12.268066,73.303223,-55.175781
50.030530,0.059082,-0.272583,0.157349,23.315430,52.917480,-48.217773
46.061829,-0.021240,-0.211792,0.269409,8.422852,35.583496,-44.006348
35.553552,-0.262939,-0.410278,0.451172,18.676758,7.873535,-46.203613
16.068567,-0.223145,-0.363037,0.612183,27.282715,-5.737305,-59.875488
2.660706,-0.038452,-0.529541,0.823975,12.939453,-12.145996,-68.115234
20.673743,-0.118286,-0.542847,0.662109,24.230957,-10.437012,-75.256348
39.905750,-0.405518,-0.564575,0.538208,0.549316,-25.817871,-87.280273
34.373254,-0.312012,-0.713623,0.460571,26.611328,-48.461914,-107.360840
5.517590,-0.003296,-0.668823,0.744263,83.251953,-72.204590,-105.224609
-13.980286,0.133545,-0.197144,1.147705,88.256836,-85.876465,-73.120117
-8.931995,0.075684,-0.048584,1.091675,60.913086,-85.083008,-60.791016
-9.943909,0.022827,-0.251221,0.989624,36.132812,-81.909180,-61.889648
-8.872375,-0.040405,-0.067993,0.885620,33.264160,-71.044922,-61.523438
-25.029163,-0.318970,0.196777,1.101196,-2.014160,-49.682617,-51.147461
-69.094153,-0.163574,0.498291,1.486816,-13.793945,-3.845215,-48.767090
-87.214343,0.110718,0.602295,2.130005,-27.893066,48.522949,-50.903320
-90.193689,0.663452,0.334595,2.095459,3.845215,86.791992,-60.607910
-79.957727,0.921997,0.546875,2.034058,-0.732422,115.051270,-69.213867
-62.648035,0.992676,0.376343,1.711426,-24.414062,137.695312,-77.148438
-35.826672,0.854614,-0.018677,1.409546,-28.686523,136.901855,-74.768066
-4.798938,0.719482,-0.041138,1.022217,-13.793945,125.732422,-67.932129
24.217053,0.339478,-0.039062,0.744629,-16.113281,104.675293,-60.424805
41.682239,0.140991,-0.206055,0.341675,-24.047852,78.979492,-53.344727
52.349231,-0.031738,-0.296631,0.139404,-12.084961,57.861328,-42.785645
62.276624,-0.158203,-0.297241,-0.010864,-3.723145,45.532227,-30.578613
73.916858,-0.392456,-0.498047,-0.125488,11.230469,14.526367,-14.526367
74.421204,-0.417236,-0.423828,-0.140259,19.592285,-43.823242,9.582520
66.511194,-0.165649,-0.385986,-0.037476,27.526855,-80.322266,20.385742
50.360046,0.038696,-0.294678,0.212402,24.780273,-112.487793,26.672363
23.800525,0.115845,-0.156006,0.597168,2.014160,-131.652832,30.944824
-22.260095,0.397217,-0.107788,1.325073,-3.417969,-143.737793,32.653809
-42.225256,0.579224,0.100342,1.612549,27.587891,-142.578125,42.297363
-40.946667,0.646362,0.227417,1.630005,33.935547,-126.342773,54.138184
-33.545837,0.591309,0.294678,1.525513,39.794922,-103.454590,55.175781
-19.447522,0.388916,0.251587,1.219849,58.288574,-80.200195,49.804688
-31.119177,-0.030640,0.283203,1.280884,29.602051,-56.213379,34.729004
-58.190295,-0.171143,0.382812,1.372192,37.597656,-20.690918,9.948730
-82.360217,0.167603,0.570557,1.733765,31.250000,26.977539,-24.475098
-92.608264,0.367188,0.685425,1.981323,-46.813965,79.406738,-51.391602
-104.016467,0.687500,0.537354,2.155762,-8.605957,135.620117,-58.654785
-69.607361,0.505737,0.485352,1.776733,10.253906,172.302246,-62.988281
-45.548621,0.824951,0.481323,1.588745,-26.733398,183.227539,-56.518555
4.240613,0.703125,0.295410,1.055176,-66.589355,159.301758,-59.143066
32.675720,0.650879,-0.046753,0.593628,-128.967285,118.225098,-33.874512
50.072424,0.395874,-0.202148,0.473877,-102.172852,86.425781,-15.563965
61.455652,0.130005,-0.251587,0.180908,-39.184570,45.532227,-11.108398
63.794495,-0.171753,-0.251587,0.067383,-24.780273,6.530762,-11.413574
61.752136,-0.314697,-0.231567,0.070190,-30.822754,-21.423340,-12.817383
58.997571,-0.351196,-0.264404,0.110474,11.901855,-45.288086,-11.718750
48.523938,-0.358765,-0.204224,0.295532,48.217773,-71.350098,-5.981445
37.359851,-0.380737,-0.171265,0.460327,53.283691,-86.364746,-0.976562
20.429626,-0.264526,-0.084229,0.785400,23.193359,-112.792969,1.708984
-7.863684,0.037598,0.003906,1.098755,52.795410,-130.493164,2.014160
-8.656458,0.280884,0.007324,1.216187,49.255371,-119.323730,3.112793
-13.840906,0.391724,-0.057373,1.129150,10.375977,-115.844727,10.192871
-30.930652,0.656250,-0.152466,1.282837,36.010742,-113.830566,25.024414
-29.866370,0.893311,-0.060791,1.272949,83.618164,-96.557617,49.499512
-19.767371,0.869019,0.176880,1.185425,108.459473,-64.575195,65.917969
-7.640515,0.566895,0.197144,0.978271,68.725586,-34.545898,70.983887
-16.301404,0.118164,0.236450,1.091431,8.850098,-16.418457,63.171387
-26.359314,-0.011353,0.225464,1.090698,2.380371,23.498535,37.597656
-67.175061,-0.034912,0.312378,1.871216,83.923340,43.457031,24.658203
-135.484094,0.447632,0.741699,2.307739,-27.770996,84.228516,-10.742188
-186.610730,0.586548,0.084229,2.806519,-38.146973,167.053223,-23.559570
-179.253406,1.735596,0.942383,3.022339,-26.062012,259.338379,-21.423340
-0.130115,1.690552,0.338135,1.443237,-37.414551,257.690430,-32.348633
66.876160,1.823730,0.041992,0.135986,-60.913086,181.884766,-28.198242
91.120203,1.124390,-0.283081,-0.518799,-30.700684,99.060059,-32.165527
88.455066,0.242920,-0.161865,-0.781006,-32.348633,-7.141113,-23.010254
75.513684,0.037720,-0.260498,-0.300659,6.164551,-73.791504,-18.432617
42.222034,-0.063843,-0.127930,0.334595,6.347656,-102.355957,-12.634277
15.242761,0.041260,-0.130615,0.756470,4.638672,-109.313965,-5.065918
3.230310,-0.030273,-0.201294,0.973022,30.456543,-115.600586,5.981445
-17.243225,0.047241,-0.159546,1.259888,43.579102,-115.661621,17.272949
-25.109729,0.110596,-0.065186,1.374512,44.860840,-112.304688,27.343750
-25.418298,0.238770,-0.013916,1.432739,23.376465,-101.745605,29.907227
-27.479187,0.267334,-0.033203,1.425293,35.888672,-88.317871,30.883789
-34.046155,0.331787,0.043579,1.373535,40.344238,-71.411133,29.418945
-40.824207,0.397217,0.106567,1.417603,48.034668,-43.823242,33.569336
-32.209241,0.439575,0.133057,1.345947,38.757324,-11.291504,37.597656
-18.222107,0.485229,0.061279,1.145142,12.756348,13.977051,38.330078
-3.161023,0.505981,-0.066895,1.035645,-0.122070,25.207520,44.860840
7.476160,0.576050,0.015625,0.882446,7.202148,29.968262,41.259766
16.445618,0.548096,-0.005615,0.887573,3.540039,22.460938,36.132812
24.623914,0.422119,-0.141602,0.688721,2.868652,7.385254,29.968262
26.620349,0.202393,-0.120117,0.698364,17.822266,-6.652832,30.151367
25.424744,0.466187,-0.149536,0.685669,61.828613,-22.399902,32.226562
19.125256,0.701782,0.101685,0.772339,22.460938,-31.250000,31.921387
11.328040,0.695068,-0.044922,0.768921,-23.315430,-32.165527,31.799316
4.467004,0.692627,-0.200562,0.851685,17.089844,-17.272949,30.090332
2.778333,0.681396,-0.035400,0.893921,82.153320,-0.183105,24.108887
5.914783,0.573975,0.016724,0.869141,-15.258789,4.150391,16.967773
6.466663,0.626343,-0.107544,0.914795,-33.935547,5.859375,15.808105
9.363025,0.578613,-0.055786,0.873413,5.187988,7.934570,22.521973
9.216394,0.561523,0.042358,0.893555,3.051758,6.103516,29.663086
6.769592,0.559814,0.039795,0.882812,-8.544922,6.103516,34.362793
7.510803,0.433594,-0.042114,0.918457,-20.080566,4.882812,39.428711
7.619568,0.330933,-0.100342,0.950928,21.606445,1.708984,43.640137
11.288562,0.327271,-0.112549,0.846436,48.461914,0.610352,45.349121
12.366541,0.352539,-0.034912,0.779175,18.432617,0.061035,42.785645
7.570422,0.447388,-0.124756,0.884399,-15.686035,-1.953125,38.696289
5.905920,0.461548,-0.180176,0.893677,3.601074,-5.004883,36.315918
4.442834,0.532471,-0.149292,0.925049,25.146484,-7.690430,35.217285
8.510632,0.536377,-0.109863,0.826660,37.048340,-3.967285,32.043457
10.739099,0.515137,-0.031616,0.770264,-6.225586,0.366211,26.733398
8.695935,0.542603,-0.215698,0.903076,-9.826660,3.662109,22.766113
7.840320,0.538574,-0.135010,0.792114,2.868652,6.408691,18.005371
4.356628,0.515259,-0.225342,0.890015,-17.883301,14.221191,13.122559
3.920764,0.461792,-0.217896,0.864136,-3.173828,14.709473,4.089355
2.523743,0.423096,-0.239624,0.887085,-6.042480,14.892578,-1.098633
2.891125,0.450195,-0.240234,0.932861,-9.521484,16.845703,-3.540039
5.815686,0.366577,-0.239502,0.928223,-14.221191,14.282227,-7.324219
5.151819,0.335815,-0.245850,0.974609,-10.253906,11.901855,-5.676270
-2.033899,0.340820,-0.290771,1.004272,2.563477,5.920410,-2.197266
-15.435315,0.390137,-0.260864,0.980225,10.559082,4.760742,-1.281738
-27.716052,0.347412,-0.237427,0.970093,-3.051758,6.591797,-4.882812
-34.270935,0.338135,-0.268799,0.878784,-41.015625,4.089355,-4.882812
-35.067737,0.308594,-0.305420,0.861450,-12.939453,-1.525879,0.427246